text,label
Customer acknowledges they shared credentials with a friend who made purchases. Case pending documents.,first_party
Caller states phone number and email on file are unfamiliar; SIM swap suspected. Investigating with risk team.,third_party
Victim reports an unknown account opened using their SSN and a different mailing address. Reported to authorities.,third_party
Client acknowledges mailing mailing address and email are correct; disputes being responsible for charges. Investigating with risk team.,first_party
Customer claims identity theft; FTC affidavit filed; card reissued to verified mailing address. Reported to authorities.,third_party
Customer admits enrollment was theirs; now claims transactions were misunderstood. Case pending documents.,first_party
Account owner authorized recurring subscription then attempted chargebacks afterward. Case pending documents.,first_party
Cardholder confirms prior relationship with merchant and agreed to terms at checkout. Escalated for manual review.,first_party
Employer flagged payroll diversion to a new bank account not set up by employee.,third_party
Cardholder confirms prior relationship with merchant and agreed to terms at checkout. Investigating with risk team.,first_party
Borrower confirms they applied for the card but denies late fees and wants reversal. Case pending documents.,first_party
Caller states phone number and email on file are unfamiliar; SIM swap suspected.,third_party
Client acknowledges mailing mailing address and email are correct; disputes being responsible for transactions. Investigating with risk team.,first_party
Account owner authorized recurring subscription then attempted chargebacks afterward. Case pending documents.,first_party
Client acknowledges mailing address and email are correct; disputes being responsible for transactions. Investigating with risk team.,first_party
Victim reports stolen wallet; merchant attempted delivery to alternate mailing address. Dispute form submitted.,third_party
Member used their own card and now claims services not received after a billing dispute. Reported to authorities.,first_party
Caller states phone number and email on file are unfamiliar; SIM swap suspected. Escalated for manual review.,third_party
Client acknowledges mailing address and email are correct; disputes being responsible for charges. Investigating with risk team.,first_party
Member used their own card and now claims services not received after a billing dispute. Reported to authorities.,first_party
Customer acknowledges they shared credentials with a friend who made purchases.,first_party
Customer admits enrollment was theirs; now claims transactions were misunderstood. Reported to authorities.,first_party
Customer acknowledges they shared credentials with a friend who made purchases. Investigating with risk team.,first_party
Account takeover alert: password reset via unknown device; contact info changed. Investigating with risk team.,third_party
Card was shipped to an address the customer does not recognize; transactions appear out of state. Case pending documents.,third_party
Customer claims identity theft; FTC affidavit filed; card reissued to verified address. Investigating with risk team.,third_party
Account owner authorized recurring subscription then attempted chargebacks afterward. Reported to authorities.,first_party
Transactions from a device the client does not own; IP tied to another region.,third_party
Customer denies ever applying; credit pull occurred without consent; police report submitted. Reported to authorities.,third_party
Caller states phone number and email on file are unfamiliar; SIM swap suspected.,third_party
Customer claims identity theft; FTC affidavit filed; card reissued to verified mailing address.,third_party
Borrower confirms they applied for the payment card but denies late fees and wants reversal. Dispute form submitted.,first_party
Customer admits they opened the account and later disputed charges after overspending.,first_party
Customer admits they opened the account and later disputed charges after overspending. Reported to authorities.,first_party
Customer acknowledges they shared credentials with a friend who made purchases. Dispute form submitted.,first_party
Account owner authorized recurring subscription then attempted chargebacks afterward. Investigating with risk team.,first_party
Caller states phone number and email on file are unfamiliar; SIM swap suspected. Reported to authorities.,third_party
Customer denies ever applying; credit pull occurred without consent; police report submitted. Investigating with risk team.,third_party
Customer claims identity theft; FTC affidavit filed; card reissued to verified address. Dispute form submitted.,third_party
Victim reports an unknown account opened using their SSN and a different mailing address. Escalated for manual review.,third_party
Customer acknowledges they shared credentials with a friend who made purchases. Dispute form submitted.,first_party
Account takeover alert: password reset via unrecognized device; contact info changed. Reported to authorities.,third_party
Victim states stolen wallet; merchant attempted delivery to alternate address. Case pending documents.,third_party
Customer claims identity theft; FTC affidavit filed; card reissued to verified address. Reported to authorities.,third_party
Card was shipped to an mailing address the client does not recognize; transactions appear out of state. Dispute form submitted.,third_party
Customer denies ever applying; credit pull occurred without consent; police report submitted. Escalated for manual review.,third_party
Customer claims identity theft; FTC affidavit filed; card reissued to verified address. Escalated for manual review.,third_party
Caller states phone number and email on file are unfamiliar; SIM swap suspected. Escalated for manual review.,third_party
Borrower confirms they applied for the payment card but denies late fees and wants reversal. Investigating with risk team.,first_party
Client acknowledges mailing address and email are correct; disputes being responsible for transactions. Escalated for manual review.,first_party
Client acknowledges mailing mailing address and email are correct; disputes being responsible for transactions. Reported to authorities.,first_party
Borrower confirms they applied for the card but denies late fees and wants reversal. Reported to authorities.,first_party
Account owner authorized recurring subscription then attempted chargebacks afterward. Reported to authorities.,first_party
Victim reports an unknown account opened using their SSN and a different mailing address. Investigating with risk team.,third_party
Policyholder states they filed the claim but now disputes deductible responsibility. Reported to authorities.,first_party
Multiple accounts opened the same day with mismatched KYC details; customer unaware. Reported to authorities.,third_party
Multiple accounts opened the same day with mismatched KYC details; customer unaware. Dispute form submitted.,third_party
Employer flagged payroll diversion to a new bank account not set up by employee. Escalated for manual review.,third_party
Customer acknowledges they shared credentials with a friend who made purchases. Case pending documents.,first_party
Customer admits they opened the account and later disputed charges after overspending. Dispute form submitted.,first_party
Customer admits they opened the account and later disputed transactions after overspending. Case pending documents.,first_party
Employer flagged payroll diversion to a new bank account not set up by employee. Escalated for manual review.,third_party
Transactions from a device the customer does not own; IP tied to another region. Escalated for manual review.,third_party
Victim reports stolen wallet; merchant attempted delivery to alternate address.,third_party
Customer acknowledges they shared credentials with a friend who made purchases. Case pending documents.,first_party
Employer flagged payroll diversion to a new bank account not set up by employee.,third_party
Employer flagged payroll diversion to a new bank account not set up by employee. Escalated for manual review.,third_party
Client acknowledges mailing address and email are correct; disputes being responsible for transactions. Investigating with risk team.,first_party
Employer flagged payroll diversion to a new bank account not set up by employee. Reported to authorities.,third_party
Caller states they signed for the loan but says interest was too high and refuses payment. Case pending documents.,first_party
Caller states phone number and email on file are unfamiliar; SIM swap suspected. Case pending documents.,third_party
Caller reports they signed for the loan but says interest was too high and refuses payment. Escalated for manual review.,first_party
Caller reports they signed for the loan but says interest was too high and refuses payment.,first_party
Customer claims identity theft; FTC affidavit filed; payment card reissued to verified address. Dispute form submitted.,third_party
Caller reports they signed for the loan but says interest was too high and refuses payment.,first_party
Employer flagged payroll diversion to a new bank account not set up by employee. Reported to authorities.,third_party
Customer denies ever applying; credit pull occurred without consent; police report submitted. Dispute form submitted.,third_party
Victim states stolen wallet; merchant attempted delivery to alternate mailing address. Case pending documents.,third_party
Customer admits they opened the account and later disputed charges after overspending.,first_party
Account owner authorized recurring subscription then attempted chargebacks afterward. Case pending documents.,first_party
Caller reports they signed for the loan but says interest was too high and refuses payment. Case pending documents.,first_party
Customer claims identity theft; FTC affidavit filed; payment card reissued to verified mailing address. Dispute form submitted.,third_party
Victim reports an unknown account opened using their SSN and a different mailing address. Dispute form submitted.,third_party
Borrower confirms they applied for the payment card but denies late fees and wants reversal. Reported to authorities.,first_party
Customer admits enrollment was theirs; now claims transactions were misunderstood. Escalated for manual review.,first_party
Member used their own card and now claims services not received after a billing dispute. Case pending documents.,first_party
Victim reports stolen wallet; merchant attempted delivery to alternate mailing address. Case pending documents.,third_party
Account takeover alert: password reset via unrecognized device; contact info changed. Reported to authorities.,third_party
Multiple accounts opened the same day with mismatched KYC details; customer unaware. Escalated for manual review.,third_party
Member used their own card and now claims services not received after a billing dispute.,first_party
Multiple accounts opened the same day with mismatched KYC details; customer unaware. Dispute form submitted.,third_party
Customer claims identity theft; FTC affidavit filed; payment card reissued to verified address. Reported to authorities.,third_party
Caller states phone number and email on file are unfamiliar; SIM swap suspected. Case pending documents.,third_party
Account owner authorized recurring subscription then attempted chargebacks afterward. Dispute form submitted.,first_party
Policyholder states they filed the claim but now disputes deductible responsibility.,first_party
Victim reports an unrecognized account opened using their SSN and a different mailing mailing address. Escalated for manual review.,third_party
Multiple accounts opened the same day with mismatched KYC details; customer unaware. Investigating with risk team.,third_party
Member used their own card and now claims services not received after a billing dispute. Escalated for manual review.,first_party
Account takeover alert: password reset via unknown device; contact info changed. Investigating with risk team.,third_party
Transactions from a device the client does not own; IP tied to another region. Dispute form submitted.,third_party
Client acknowledges mailing address and email are correct; disputes being responsible for charges. Reported to authorities.,first_party
Multiple accounts opened the same day with mismatched KYC details; client unaware. Dispute form submitted.,third_party
Transactions from a device the client does not own; IP tied to another region. Investigating with risk team.,third_party
Account owner authorized recurring subscription then attempted chargebacks afterward. Reported to authorities.,first_party
Customer acknowledges they shared credentials with a friend who made purchases. Escalated for manual review.,first_party
Victim reports stolen wallet; merchant attempted delivery to alternate address. Reported to authorities.,third_party
Customer denies ever applying; credit pull occurred without consent; police report submitted. Escalated for manual review.,third_party
Policyholder states they filed the claim but now disputes deductible responsibility.,first_party
Account owner authorized recurring subscription then attempted chargebacks afterward.,first_party
Member used their own card and now claims services not received after a billing dispute. Reported to authorities.,first_party
Victim states stolen wallet; merchant attempted delivery to alternate mailing address. Reported to authorities.,third_party
Account owner authorized recurring subscription then attempted chargebacks afterward.,first_party
Cardholder confirms prior relationship with merchant and agreed to terms at checkout. Investigating with risk team.,first_party
Account takeover alert: password reset via unrecognized device; contact info changed. Case pending documents.,third_party
Employer flagged payroll diversion to a new bank account not set up by employee. Dispute form submitted.,third_party
Customer claims identity theft; FTC affidavit filed; card reissued to verified mailing address. Case pending documents.,third_party
Customer acknowledges they shared credentials with a friend who made purchases. Case pending documents.,first_party
Customer admits enrollment was theirs; now claims transactions were misunderstood. Escalated for manual review.,first_party
Caller states they signed for the loan but says interest was too high and refuses payment. Escalated for manual review.,first_party
Multiple accounts opened the same day with mismatched KYC details; customer unaware. Reported to authorities.,third_party
Member used their own card and now claims services not received after a billing dispute. Case pending documents.,first_party
Customer denies ever applying; credit pull occurred without consent; police report submitted. Escalated for manual review.,third_party
Multiple accounts opened the same day with mismatched KYC details; client unaware. Case pending documents.,third_party
Policyholder states they filed the claim but now disputes deductible responsibility. Case pending documents.,first_party
Member used their own payment card and now claims services not received after a billing dispute.,first_party
Account takeover alert: password reset via unknown device; contact info changed. Dispute form submitted.,third_party
Customer denies ever applying; credit pull occurred without consent; police report submitted.,third_party
Caller states phone number and email on file are unfamiliar; SIM swap suspected.,third_party
Transactions from a device the customer does not own; IP tied to another region. Reported to authorities.,third_party
Cardholder confirms prior relationship with merchant and agreed to terms at checkout. Case pending documents.,first_party
Client acknowledges mailing address and email are correct; disputes being responsible for transactions. Investigating with risk team.,first_party
Client acknowledges mailing address and email are correct; disputes being responsible for charges. Case pending documents.,first_party
Customer acknowledges they shared credentials with a friend who made purchases. Case pending documents.,first_party
Customer admits enrollment was theirs; now claims transactions were misunderstood. Dispute form submitted.,first_party
Transactions from a device the customer does not own; IP tied to another region. Escalated for manual review.,third_party
Customer admits enrollment was theirs; now claims transactions were misunderstood.,first_party
Customer denies ever applying; credit pull occurred without consent; police report submitted. Escalated for manual review.,third_party
Account owner authorized recurring subscription then attempted chargebacks afterward. Case pending documents.,first_party
Customer admits they opened the account and later disputed transactions after overspending. Reported to authorities.,first_party
Borrower confirms they applied for the payment card but denies late fees and wants reversal. Escalated for manual review.,first_party
Customer acknowledges they shared credentials with a friend who made purchases. Case pending documents.,first_party
Customer claims identity theft; FTC affidavit filed; payment card reissued to verified address. Escalated for manual review.,third_party
Policyholder states they filed the claim but now disputes deductible responsibility.,first_party
Transactions from a device the client does not own; IP tied to another region. Escalated for manual review.,third_party
Caller states they signed for the loan but says interest was too high and refuses payment. Investigating with risk team.,first_party
Multiple accounts opened the same day with mismatched KYC details; client unaware. Case pending documents.,third_party
Victim reports stolen wallet; merchant attempted delivery to alternate address. Reported to authorities.,third_party
Caller states phone number and email on file are unfamiliar; SIM swap suspected. Investigating with risk team.,third_party
Card was shipped to an mailing address the client does not recognize; transactions appear out of state. Investigating with risk team.,third_party
Cardholder confirms prior relationship with merchant and agreed to terms at checkout. Escalated for manual review.,first_party
Victim reports stolen wallet; merchant attempted delivery to alternate address. Investigating with risk team.,third_party
Customer acknowledges they shared credentials with a friend who made purchases.,first_party
Employer flagged payroll diversion to a new bank account not set up by employee. Investigating with risk team.,third_party
Customer acknowledges they shared credentials with a friend who made purchases.,first_party
Caller states they signed for the loan but says interest was too high and refuses payment. Dispute form submitted.,first_party
Account takeover alert: password reset via unrecognized device; contact info changed. Investigating with risk team.,third_party
Caller reports they signed for the loan but says interest was too high and refuses payment. Case pending documents.,first_party
Employer flagged payroll diversion to a new bank account not set up by employee. Dispute form submitted.,third_party
Victim states stolen wallet; merchant attempted delivery to alternate mailing address. Dispute form submitted.,third_party
Customer admits they opened the account and later disputed charges after overspending. Investigating with risk team.,first_party
Caller reports they signed for the loan but says interest was too high and refuses payment. Escalated for manual review.,first_party
Account takeover alert: password reset via unrecognized device; contact info changed. Escalated for manual review.,third_party
Policyholder states they filed the claim but now disputes deductible responsibility. Escalated for manual review.,first_party
Account takeover alert: password reset via unknown device; contact info changed. Dispute form submitted.,third_party
Caller reports they signed for the loan but says interest was too high and refuses payment. Reported to authorities.,first_party
Multiple accounts opened the same day with mismatched KYC details; customer unaware. Escalated for manual review.,third_party
Member used their own payment card and now claims services not received after a billing dispute. Investigating with risk team.,first_party
Customer admits they opened the account and later disputed charges after overspending. Dispute form submitted.,first_party
Employer flagged payroll diversion to a new bank account not set up by employee.,third_party
Transactions from a device the customer does not own; IP tied to another region. Case pending documents.,third_party
Customer acknowledges they shared credentials with a friend who made purchases. Dispute form submitted.,first_party
Customer claims identity theft; FTC affidavit filed; card reissued to verified mailing address. Investigating with risk team.,third_party
Employer flagged payroll diversion to a new bank account not set up by employee. Investigating with risk team.,third_party
Policyholder states they filed the claim but now disputes deductible responsibility.,first_party
Policyholder states they filed the claim but now disputes deductible responsibility. Escalated for manual review.,first_party
Customer claims identity theft; FTC affidavit filed; card reissued to verified mailing address. Case pending documents.,third_party
Victim states an unknown account opened using their SSN and a different mailing mailing address. Investigating with risk team.,third_party
Borrower confirms they applied for the payment card but denies late fees and wants reversal. Reported to authorities.,first_party
Client acknowledges mailing address and email are correct; disputes being responsible for charges. Escalated for manual review.,first_party
Borrower confirms they applied for the payment card but denies late fees and wants reversal. Dispute form submitted.,first_party
Employer flagged payroll diversion to a new bank account not set up by employee. Escalated for manual review.,third_party
Policyholder states they filed the claim but now disputes deductible responsibility. Investigating with risk team.,first_party
Transactions from a device the customer does not own; IP tied to another region.,third_party
Caller reports they signed for the loan but says interest was too high and refuses payment. Case pending documents.,first_party
Customer admits they opened the account and later disputed charges after overspending. Escalated for manual review.,first_party
Member used their own card and now claims services not received after a billing dispute. Escalated for manual review.,first_party
Customer admits enrollment was theirs; now claims transactions were misunderstood. Dispute form submitted.,first_party
Caller states phone number and email on file are unfamiliar; SIM swap suspected. Reported to authorities.,third_party
Caller states phone number and email on file are unfamiliar; SIM swap suspected. Case pending documents.,third_party
Member used their own card and now claims services not received after a billing dispute. Case pending documents.,first_party
Customer denies ever applying; credit pull occurred without consent; police report submitted. Case pending documents.,third_party
Victim states stolen wallet; merchant attempted delivery to alternate mailing address. Case pending documents.,third_party
Victim reports an unrecognized account opened using their SSN and a different mailing address.,third_party
Cardholder confirms prior relationship with merchant and agreed to terms at checkout. Dispute form submitted.,first_party
Transactions from a device the customer does not own; IP tied to another region. Investigating with risk team.,third_party
Card was shipped to an mailing address the customer does not recognize; transactions appear out of state. Escalated for manual review.,third_party
Customer acknowledges they shared credentials with a friend who made purchases. Escalated for manual review.,first_party
Client acknowledges mailing address and email are correct; disputes being responsible for charges. Reported to authorities.,first_party
Cardholder confirms prior relationship with merchant and agreed to terms at checkout.,first_party
Caller reports they signed for the loan but says interest was too high and refuses payment. Reported to authorities.,first_party
Borrower confirms they applied for the payment card but denies late fees and wants reversal.,first_party
Card was shipped to an mailing address the customer does not recognize; transactions appear out of state. Case pending documents.,third_party
Cardholder confirms prior relationship with merchant and agreed to terms at checkout.,first_party
Customer acknowledges they shared credentials with a friend who made purchases.,first_party
Card was shipped to an address the customer does not recognize; transactions appear out of state. Investigating with risk team.,third_party
Account takeover alert: password reset via unknown device; contact info changed. Case pending documents.,third_party
Customer admits enrollment was theirs; now claims transactions were misunderstood. Escalated for manual review.,first_party
Victim states an unknown account opened using their SSN and a different mailing mailing address. Case pending documents.,third_party
Account takeover alert: password reset via unknown device; contact info changed. Dispute form submitted.,third_party
Customer claims identity theft; FTC affidavit filed; payment card reissued to verified address.,third_party
Customer admits they opened the account and later disputed charges after overspending. Investigating with risk team.,first_party
Client acknowledges mailing mailing address and email are correct; disputes being responsible for charges. Dispute form submitted.,first_party
Victim states stolen wallet; merchant attempted delivery to alternate address. Reported to authorities.,third_party
Account owner authorized recurring subscription then attempted chargebacks afterward. Escalated for manual review.,first_party
Card was shipped to an address the client does not recognize; transactions appear out of state. Case pending documents.,third_party
Policyholder states they filed the claim but now disputes deductible responsibility. Investigating with risk team.,first_party
Member used their own card and now claims services not received after a billing dispute.,first_party
Customer denies ever applying; credit pull occurred without consent; police report submitted.,third_party
Client acknowledges mailing address and email are correct; disputes being responsible for transactions.,first_party
Borrower confirms they applied for the card but denies late fees and wants reversal. Reported to authorities.,first_party
Customer admits they opened the account and later disputed charges after overspending. Dispute form submitted.,first_party
Victim reports stolen wallet; merchant attempted delivery to alternate address. Reported to authorities.,third_party
Transactions from a device the customer does not own; IP tied to another region. Escalated for manual review.,third_party
Transactions from a device the client does not own; IP tied to another region. Case pending documents.,third_party
Borrower confirms they applied for the payment card but denies late fees and wants reversal. Escalated for manual review.,first_party
Member used their own payment card and now claims services not received after a billing dispute. Case pending documents.,first_party
Victim reports stolen wallet; merchant attempted delivery to alternate address. Dispute form submitted.,third_party
Account owner authorized recurring subscription then attempted chargebacks afterward. Case pending documents.,first_party
Customer acknowledges they shared credentials with a friend who made purchases. Case pending documents.,first_party
Customer claims identity theft; FTC affidavit filed; card reissued to verified address. Case pending documents.,third_party
Card was shipped to an mailing address the customer does not recognize; transactions appear out of state. Investigating with risk team.,third_party
Caller states phone number and email on file are unfamiliar; SIM swap suspected. Reported to authorities.,third_party
Borrower confirms they applied for the payment card but denies late fees and wants reversal. Dispute form submitted.,first_party
Employer flagged payroll diversion to a new bank account not set up by employee. Reported to authorities.,third_party
Transactions from a device the client does not own; IP tied to another region. Escalated for manual review.,third_party
Cardholder confirms prior relationship with merchant and agreed to terms at checkout. Escalated for manual review.,first_party
Customer acknowledges they shared credentials with a friend who made purchases. Investigating with risk team.,first_party
Member used their own payment card and now claims services not received after a billing dispute. Dispute form submitted.,first_party
Account takeover alert: password reset via unknown device; contact info changed. Reported to authorities.,third_party
Borrower confirms they applied for the card but denies late fees and wants reversal. Escalated for manual review.,first_party
Account takeover alert: password reset via unknown device; contact info changed. Escalated for manual review.,third_party
Transactions from a device the customer does not own; IP tied to another region.,third_party
Victim reports stolen wallet; merchant attempted delivery to alternate address. Escalated for manual review.,third_party
Account takeover alert: password reset via unknown device; contact info changed. Reported to authorities.,third_party
Customer acknowledges they shared credentials with a friend who made purchases. Escalated for manual review.,first_party
Card was shipped to an mailing address the customer does not recognize; transactions appear out of state. Reported to authorities.,third_party
Borrower confirms they applied for the payment card but denies late fees and wants reversal. Case pending documents.,first_party
Account takeover alert: password reset via unrecognized device; contact info changed. Escalated for manual review.,third_party
Multiple accounts opened the same day with mismatched KYC details; customer unaware. Reported to authorities.,third_party
Policyholder states they filed the claim but now disputes deductible responsibility. Investigating with risk team.,first_party
Member used their own payment card and now claims services not received after a billing dispute. Investigating with risk team.,first_party
Card was shipped to an mailing address the client does not recognize; transactions appear out of state. Escalated for manual review.,third_party
Caller states phone number and email on file are unfamiliar; SIM swap suspected.,third_party
Victim reports stolen wallet; merchant attempted delivery to alternate mailing address. Escalated for manual review.,third_party
Customer admits enrollment was theirs; now claims transactions were misunderstood. Escalated for manual review.,first_party
Card was shipped to an address the client does not recognize; transactions appear out of state. Investigating with risk team.,third_party
Victim states an unrecognized account opened using their SSN and a different mailing address. Escalated for manual review.,third_party
Cardholder confirms prior relationship with merchant and agreed to terms at checkout. Dispute form submitted.,first_party
Borrower confirms they applied for the payment card but denies late fees and wants reversal.,first_party
Cardholder confirms prior relationship with merchant and agreed to terms at checkout. Escalated for manual review.,first_party
Member used their own payment card and now claims services not received after a billing dispute. Investigating with risk team.,first_party
Customer acknowledges they shared credentials with a friend who made purchases. Escalated for manual review.,first_party
Customer acknowledges they shared credentials with a friend who made purchases.,first_party
Caller states phone number and email on file are unfamiliar; SIM swap suspected.,third_party
Multiple accounts opened the same day with mismatched KYC details; customer unaware. Escalated for manual review.,third_party
Customer acknowledges they shared credentials with a friend who made purchases. Dispute form submitted.,first_party
Customer denies ever applying; credit pull occurred without consent; police report submitted. Dispute form submitted.,third_party
Victim reports an unknown account opened using their SSN and a different mailing address.,third_party
Multiple accounts opened the same day with mismatched KYC details; customer unaware. Escalated for manual review.,third_party
Card was shipped to an address the customer does not recognize; transactions appear out of state. Escalated for manual review.,third_party
Caller states phone number and email on file are unfamiliar; SIM swap suspected. Case pending documents.,third_party
Customer claims identity theft; FTC affidavit filed; card reissued to verified address. Investigating with risk team.,third_party
Borrower confirms they applied for the card but denies late fees and wants reversal. Reported to authorities.,first_party
Customer admits enrollment was theirs; now claims transactions were misunderstood. Dispute form submitted.,first_party
Customer denies ever applying; credit pull occurred without consent; police report submitted. Case pending documents.,third_party
Client acknowledges mailing mailing address and email are correct; disputes being responsible for charges. Reported to authorities.,first_party
Customer admits enrollment was theirs; now claims transactions were misunderstood. Reported to authorities.,first_party
Victim reports an unrecognized account opened using their SSN and a different mailing address. Case pending documents.,third_party
Transactions from a device the customer does not own; IP tied to another region. Escalated for manual review.,third_party
Card was shipped to an address the customer does not recognize; transactions appear out of state. Investigating with risk team.,third_party
Borrower confirms they applied for the payment card but denies late fees and wants reversal.,first_party
Caller states phone number and email on file are unfamiliar; SIM swap suspected. Reported to authorities.,third_party
Customer admits they opened the account and later disputed transactions after overspending.,first_party
Card was shipped to an mailing address the client does not recognize; transactions appear out of state. Reported to authorities.,third_party
Client acknowledges mailing address and email are correct; disputes being responsible for transactions. Case pending documents.,first_party
Victim states stolen wallet; merchant attempted delivery to alternate address. Dispute form submitted.,third_party
Transactions from a device the customer does not own; IP tied to another region. Reported to authorities.,third_party
Multiple accounts opened the same day with mismatched KYC details; customer unaware. Investigating with risk team.,third_party
Customer denies ever applying; credit pull occurred without consent; police report submitted. Case pending documents.,third_party
Account takeover alert: password reset via unrecognized device; contact info changed. Dispute form submitted.,third_party
Caller states phone number and email on file are unfamiliar; SIM swap suspected. Dispute form submitted.,third_party
Account takeover alert: password reset via unknown device; contact info changed. Case pending documents.,third_party
Multiple accounts opened the same day with mismatched KYC details; customer unaware.,third_party
Member used their own card and now claims services not received after a billing dispute. Reported to authorities.,first_party
Card was shipped to an mailing address the customer does not recognize; transactions appear out of state. Case pending documents.,third_party
Borrower confirms they applied for the card but denies late fees and wants reversal. Dispute form submitted.,first_party
Policyholder states they filed the claim but now disputes deductible responsibility. Reported to authorities.,first_party
Customer admits they opened the account and later disputed charges after overspending. Investigating with risk team.,first_party
Account takeover alert: password reset via unknown device; contact info changed. Escalated for manual review.,third_party
Cardholder confirms prior relationship with merchant and agreed to terms at checkout.,first_party
Caller reports they signed for the loan but says interest was too high and refuses payment. Escalated for manual review.,first_party
Caller states phone number and email on file are unfamiliar; SIM swap suspected. Dispute form submitted.,third_party
Caller states they signed for the loan but says interest was too high and refuses payment. Escalated for manual review.,first_party
Employer flagged payroll diversion to a new bank account not set up by employee. Escalated for manual review.,third_party
Customer admits enrollment was theirs; now claims transactions were misunderstood. Dispute form submitted.,first_party
Account takeover alert: password reset via unknown device; contact info changed.,third_party
Customer admits enrollment was theirs; now claims transactions were misunderstood. Case pending documents.,first_party
Borrower confirms they applied for the payment card but denies late fees and wants reversal. Investigating with risk team.,first_party
Transactions from a device the customer does not own; IP tied to another region. Dispute form submitted.,third_party
Employer flagged payroll diversion to a new bank account not set up by employee. Reported to authorities.,third_party
Multiple accounts opened the same day with mismatched KYC details; client unaware.,third_party
Customer admits they opened the account and later disputed charges after overspending. Case pending documents.,first_party
Card was shipped to an address the customer does not recognize; transactions appear out of state. Reported to authorities.,third_party
Victim reports an unknown account opened using their SSN and a different mailing mailing address. Case pending documents.,third_party
Card was shipped to an address the client does not recognize; transactions appear out of state. Investigating with risk team.,third_party
Customer admits they opened the account and later disputed transactions after overspending. Escalated for manual review.,first_party
Victim states stolen wallet; merchant attempted delivery to alternate mailing address. Case pending documents.,third_party
Cardholder confirms prior relationship with merchant and agreed to terms at checkout. Dispute form submitted.,first_party
Customer acknowledges they shared credentials with a friend who made purchases. Escalated for manual review.,first_party
Caller states they signed for the loan but says interest was too high and refuses payment. Case pending documents.,first_party
Borrower confirms they applied for the card but denies late fees and wants reversal. Dispute form submitted.,first_party
Member used their own payment card and now claims services not received after a billing dispute. Reported to authorities.,first_party
Cardholder confirms prior relationship with merchant and agreed to terms at checkout. Escalated for manual review.,first_party
Customer denies ever applying; credit pull occurred without consent; police report submitted. Case pending documents.,third_party
Multiple accounts opened the same day with mismatched KYC details; customer unaware. Case pending documents.,third_party
Account owner authorized recurring subscription then attempted chargebacks afterward. Dispute form submitted.,first_party
Caller states they signed for the loan but says interest was too high and refuses payment. Case pending documents.,first_party
Member used their own card and now claims services not received after a billing dispute. Case pending documents.,first_party
Customer acknowledges they shared credentials with a friend who made purchases. Escalated for manual review.,first_party
Borrower confirms they applied for the payment card but denies late fees and wants reversal. Escalated for manual review.,first_party
Customer admits enrollment was theirs; now claims transactions were misunderstood. Escalated for manual review.,first_party
Customer admits they opened the account and later disputed charges after overspending. Dispute form submitted.,first_party
Card was shipped to an address the customer does not recognize; transactions appear out of state. Investigating with risk team.,third_party
Policyholder states they filed the claim but now disputes deductible responsibility. Dispute form submitted.,first_party
Caller states they signed for the loan but says interest was too high and refuses payment.,first_party
Customer admits enrollment was theirs; now claims transactions were misunderstood. Case pending documents.,first_party
Multiple accounts opened the same day with mismatched KYC details; customer unaware. Reported to authorities.,third_party
Customer denies ever applying; credit pull occurred without consent; police report submitted. Investigating with risk team.,third_party
Account owner authorized recurring subscription then attempted chargebacks afterward. Investigating with risk team.,first_party
Employer flagged payroll diversion to a new bank account not set up by employee. Investigating with risk team.,third_party
Account owner authorized recurring subscription then attempted chargebacks afterward. Escalated for manual review.,first_party
Caller reports they signed for the loan but says interest was too high and refuses payment. Investigating with risk team.,first_party
Caller reports they signed for the loan but says interest was too high and refuses payment. Case pending documents.,first_party
Victim states stolen wallet; merchant attempted delivery to alternate mailing address. Case pending documents.,third_party
Account owner authorized recurring subscription then attempted chargebacks afterward. Dispute form submitted.,first_party
Employer flagged payroll diversion to a new bank account not set up by employee. Case pending documents.,third_party
Customer claims identity theft; FTC affidavit filed; card reissued to verified mailing address. Escalated for manual review.,third_party
Account takeover alert: password reset via unrecognized device; contact info changed. Reported to authorities.,third_party
Borrower confirms they applied for the payment card but denies late fees and wants reversal.,first_party
Caller states they signed for the loan but says interest was too high and refuses payment. Dispute form submitted.,first_party
Multiple accounts opened the same day with mismatched KYC details; customer unaware. Escalated for manual review.,third_party
Customer claims identity theft; FTC affidavit filed; payment card reissued to verified address. Investigating with risk team.,third_party
Customer acknowledges they shared credentials with a friend who made purchases. Case pending documents.,first_party
Customer admits enrollment was theirs; now claims transactions were misunderstood. Case pending documents.,first_party
Customer admits they opened the account and later disputed charges after overspending. Escalated for manual review.,first_party
Customer claims identity theft; FTC affidavit filed; card reissued to verified mailing address. Case pending documents.,third_party
Caller reports they signed for the loan but says interest was too high and refuses payment. Reported to authorities.,first_party
Employer flagged payroll diversion to a new bank account not set up by employee. Reported to authorities.,third_party
Customer admits they opened the account and later disputed transactions after overspending. Escalated for manual review.,first_party
Card was shipped to an mailing address the client does not recognize; transactions appear out of state. Investigating with risk team.,third_party
Customer acknowledges they shared credentials with a friend who made purchases. Reported to authorities.,first_party
Account takeover alert: password reset via unknown device; contact info changed. Case pending documents.,third_party
Card was shipped to an mailing address the client does not recognize; transactions appear out of state.,third_party
Caller states phone number and email on file are unfamiliar; SIM swap suspected. Reported to authorities.,third_party
Customer claims identity theft; FTC affidavit filed; card reissued to verified address. Dispute form submitted.,third_party
Caller reports they signed for the loan but says interest was too high and refuses payment. Reported to authorities.,first_party
Card was shipped to an address the customer does not recognize; transactions appear out of state.,third_party
Cardholder confirms prior relationship with merchant and agreed to terms at checkout. Case pending documents.,first_party
Customer denies ever applying; credit pull occurred without consent; police report submitted. Dispute form submitted.,third_party
Victim states stolen wallet; merchant attempted delivery to alternate mailing address.,third_party
Account owner authorized recurring subscription then attempted chargebacks afterward. Dispute form submitted.,first_party
Customer acknowledges they shared credentials with a friend who made purchases. Investigating with risk team.,first_party
Victim states an unknown account opened using their SSN and a different mailing address. Reported to authorities.,third_party
Account takeover alert: password reset via unknown device; contact info changed. Dispute form submitted.,third_party
Card was shipped to an mailing address the client does not recognize; transactions appear out of state. Dispute form submitted.,third_party
Customer claims identity theft; FTC affidavit filed; card reissued to verified address.,third_party
Customer claims identity theft; FTC affidavit filed; payment card reissued to verified address.,third_party
Member used their own card and now claims services not received after a billing dispute. Case pending documents.,first_party
Borrower confirms they applied for the card but denies late fees and wants reversal. Reported to authorities.,first_party
Customer acknowledges they shared credentials with a friend who made purchases. Dispute form submitted.,first_party
Victim states stolen wallet; merchant attempted delivery to alternate mailing address. Dispute form submitted.,third_party
Cardholder confirms prior relationship with merchant and agreed to terms at checkout. Reported to authorities.,first_party
Policyholder states they filed the claim but now disputes deductible responsibility. Case pending documents.,first_party
Cardholder confirms prior relationship with merchant and agreed to terms at checkout. Reported to authorities.,first_party
Employer flagged payroll diversion to a new bank account not set up by employee. Dispute form submitted.,third_party
Client acknowledges mailing mailing address and email are correct; disputes being responsible for transactions. Reported to authorities.,first_party
Borrower confirms they applied for the card but denies late fees and wants reversal. Case pending documents.,first_party
Transactions from a device the client does not own; IP tied to another region. Investigating with risk team.,third_party
Customer claims identity theft; FTC affidavit filed; payment card reissued to verified mailing address. Escalated for manual review.,third_party
Member used their own card and now claims services not received after a billing dispute. Escalated for manual review.,first_party
Client acknowledges mailing mailing address and email are correct; disputes being responsible for charges. Escalated for manual review.,first_party
Client acknowledges mailing address and email are correct; disputes being responsible for charges.,first_party
Customer denies ever applying; credit pull occurred without consent; police report submitted. Dispute form submitted.,third_party
Account owner authorized recurring subscription then attempted chargebacks afterward. Case pending documents.,first_party
Account takeover alert: password reset via unknown device; contact info changed. Dispute form submitted.,third_party
Policyholder states they filed the claim but now disputes deductible responsibility. Dispute form submitted.,first_party
Member used their own payment card and now claims services not received after a billing dispute. Reported to authorities.,first_party
Transactions from a device the customer does not own; IP tied to another region. Dispute form submitted.,third_party
Customer denies ever applying; credit pull occurred without consent; police report submitted.,third_party
Customer admits they opened the account and later disputed charges after overspending. Reported to authorities.,first_party
Victim reports stolen wallet; merchant attempted delivery to alternate address. Case pending documents.,third_party
Client acknowledges mailing mailing address and email are correct; disputes being responsible for charges.,first_party
Policyholder states they filed the claim but now disputes deductible responsibility. Dispute form submitted.,first_party
Transactions from a device the customer does not own; IP tied to another region. Investigating with risk team.,third_party
Customer admits they opened the account and later disputed charges after overspending. Reported to authorities.,first_party
Card was shipped to an address the customer does not recognize; transactions appear out of state. Reported to authorities.,third_party
Caller states they signed for the loan but says interest was too high and refuses payment.,first_party
Borrower confirms they applied for the payment card but denies late fees and wants reversal. Case pending documents.,first_party
Customer admits enrollment was theirs; now claims transactions were misunderstood. Dispute form submitted.,first_party
Account takeover alert: password reset via unknown device; contact info changed. Investigating with risk team.,third_party
Customer admits enrollment was theirs; now claims transactions were misunderstood. Investigating with risk team.,first_party
Multiple accounts opened the same day with mismatched KYC details; customer unaware. Investigating with risk team.,third_party
Transactions from a device the customer does not own; IP tied to another region. Escalated for manual review.,third_party
Account takeover alert: password reset via unknown device; contact info changed. Case pending documents.,third_party
Client acknowledges mailing address and email are correct; disputes being responsible for charges. Reported to authorities.,first_party
Victim reports stolen wallet; merchant attempted delivery to alternate address. Case pending documents.,third_party
Customer claims identity theft; FTC affidavit filed; card reissued to verified address. Dispute form submitted.,third_party
Transactions from a device the customer does not own; IP tied to another region. Reported to authorities.,third_party
Caller states phone number and email on file are unfamiliar; SIM swap suspected.,third_party
Multiple accounts opened the same day with mismatched KYC details; client unaware.,third_party
Employer flagged payroll diversion to a new bank account not set up by employee. Reported to authorities.,third_party
Customer admits enrollment was theirs; now claims transactions were misunderstood. Investigating with risk team.,first_party
Cardholder confirms prior relationship with merchant and agreed to terms at checkout. Dispute form submitted.,first_party
Customer claims identity theft; FTC affidavit filed; card reissued to verified mailing address. Case pending documents.,third_party
Client acknowledges mailing mailing address and email are correct; disputes being responsible for charges. Escalated for manual review.,first_party
Policyholder states they filed the claim but now disputes deductible responsibility. Dispute form submitted.,first_party
Client acknowledges mailing mailing address and email are correct; disputes being responsible for charges. Dispute form submitted.,first_party
Employer flagged payroll diversion to a new bank account not set up by employee. Case pending documents.,third_party
Caller states phone number and email on file are unfamiliar; SIM swap suspected. Dispute form submitted.,third_party
Victim reports stolen wallet; merchant attempted delivery to alternate mailing address. Dispute form submitted.,third_party
Victim states an unknown account opened using their SSN and a different mailing address. Investigating with risk team.,third_party
Employer flagged payroll diversion to a new bank account not set up by employee.,third_party
Customer admits they opened the account and later disputed transactions after overspending. Escalated for manual review.,first_party
Victim reports stolen wallet; merchant attempted delivery to alternate address. Investigating with risk team.,third_party
Account takeover alert: password reset via unknown device; contact info changed. Investigating with risk team.,third_party
Customer admits they opened the account and later disputed transactions after overspending. Investigating with risk team.,first_party
Borrower confirms they applied for the payment card but denies late fees and wants reversal. Escalated for manual review.,first_party
Caller states phone number and email on file are unfamiliar; SIM swap suspected. Reported to authorities.,third_party
Customer claims identity theft; FTC affidavit filed; card reissued to verified address. Case pending documents.,third_party
Employer flagged payroll diversion to a new bank account not set up by employee. Escalated for manual review.,third_party
Policyholder states they filed the claim but now disputes deductible responsibility. Escalated for manual review.,first_party
Victim reports stolen wallet; merchant attempted delivery to alternate address. Case pending documents.,third_party
Multiple accounts opened the same day with mismatched KYC details; customer unaware. Reported to authorities.,third_party
Policyholder states they filed the claim but now disputes deductible responsibility.,first_party
Caller states phone number and email on file are unfamiliar; SIM swap suspected. Dispute form submitted.,third_party
Customer denies ever applying; credit pull occurred without consent; police report submitted. Escalated for manual review.,third_party
Victim states an unknown account opened using their SSN and a different mailing address. Investigating with risk team.,third_party
Customer claims identity theft; FTC affidavit filed; card reissued to verified mailing address. Escalated for manual review.,third_party
Borrower confirms they applied for the card but denies late fees and wants reversal. Case pending documents.,first_party
Customer denies ever applying; credit pull occurred without consent; police report submitted. Dispute form submitted.,third_party
Customer claims identity theft; FTC affidavit filed; card reissued to verified address. Case pending documents.,third_party
Customer claims identity theft; FTC affidavit filed; card reissued to verified mailing address. Investigating with risk team.,third_party
Account owner authorized recurring subscription then attempted chargebacks afterward. Case pending documents.,first_party
Member used their own card and now claims services not received after a billing dispute. Investigating with risk team.,first_party
Card was shipped to an address the client does not recognize; transactions appear out of state.,third_party
Caller states phone number and email on file are unfamiliar; SIM swap suspected.,third_party
Customer admits enrollment was theirs; now claims transactions were misunderstood.,first_party
Client acknowledges mailing address and email are correct; disputes being responsible for charges.,first_party
Customer admits enrollment was theirs; now claims transactions were misunderstood.,first_party
Customer claims identity theft; FTC affidavit filed; payment card reissued to verified address. Dispute form submitted.,third_party
Customer admits they opened the account and later disputed transactions after overspending. Reported to authorities.,first_party
Card was shipped to an address the customer does not recognize; transactions appear out of state.,third_party
Customer acknowledges they shared credentials with a friend who made purchases. Investigating with risk team.,first_party
Customer denies ever applying; credit pull occurred without consent; police report submitted.,third_party
Multiple accounts opened the same day with mismatched KYC details; customer unaware. Reported to authorities.,third_party
Caller reports they signed for the loan but says interest was too high and refuses payment.,first_party
Policyholder states they filed the claim but now disputes deductible responsibility. Case pending documents.,first_party
Policyholder states they filed the claim but now disputes deductible responsibility. Investigating with risk team.,first_party
Customer denies ever applying; credit pull occurred without consent; police report submitted. Dispute form submitted.,third_party
Multiple accounts opened the same day with mismatched KYC details; customer unaware. Case pending documents.,third_party
Customer admits they opened the account and later disputed transactions after overspending. Case pending documents.,first_party
Policyholder states they filed the claim but now disputes deductible responsibility. Dispute form submitted.,first_party
Borrower confirms they applied for the payment card but denies late fees and wants reversal.,first_party
Borrower confirms they applied for the card but denies late fees and wants reversal. Dispute form submitted.,first_party
Employer flagged payroll diversion to a new bank account not set up by employee. Escalated for manual review.,third_party
Caller states they signed for the loan but says interest was too high and refuses payment. Dispute form submitted.,first_party
Policyholder states they filed the claim but now disputes deductible responsibility. Escalated for manual review.,first_party
Customer denies ever applying; credit pull occurred without consent; police report submitted. Dispute form submitted.,third_party
Victim reports stolen wallet; merchant attempted delivery to alternate address. Reported to authorities.,third_party
Customer denies ever applying; credit pull occurred without consent; police report submitted. Escalated for manual review.,third_party
Card was shipped to an address the customer does not recognize; transactions appear out of state.,third_party
Customer acknowledges they shared credentials with a friend who made purchases. Reported to authorities.,first_party
Policyholder states they filed the claim but now disputes deductible responsibility.,first_party
Caller states they signed for the loan but says interest was too high and refuses payment. Reported to authorities.,first_party
Client acknowledges mailing mailing address and email are correct; disputes being responsible for transactions.,first_party
Victim reports stolen wallet; merchant attempted delivery to alternate address. Dispute form submitted.,third_party
Cardholder confirms prior relationship with merchant and agreed to terms at checkout.,first_party
Client acknowledges mailing address and email are correct; disputes being responsible for charges. Escalated for manual review.,first_party
Customer denies ever applying; credit pull occurred without consent; police report submitted. Dispute form submitted.,third_party
Caller states phone number and email on file are unfamiliar; SIM swap suspected. Escalated for manual review.,third_party
Caller states phone number and email on file are unfamiliar; SIM swap suspected. Reported to authorities.,third_party
Member used their own card and now claims services not received after a billing dispute. Case pending documents.,first_party
Caller reports they signed for the loan but says interest was too high and refuses payment. Escalated for manual review.,first_party
Account owner authorized recurring subscription then attempted chargebacks afterward. Investigating with risk team.,first_party
Victim reports an unknown account opened using their SSN and a different mailing address. Investigating with risk team.,third_party
Customer acknowledges they shared credentials with a friend who made purchases. Dispute form submitted.,first_party
Card was shipped to an mailing address the customer does not recognize; transactions appear out of state.,third_party
Multiple accounts opened the same day with mismatched KYC details; client unaware.,third_party
Victim reports an unknown account opened using their SSN and a different mailing address. Investigating with risk team.,third_party
Caller reports they signed for the loan but says interest was too high and refuses payment. Case pending documents.,first_party
Customer acknowledges they shared credentials with a friend who made purchases. Investigating with risk team.,first_party
Caller reports they signed for the loan but says interest was too high and refuses payment. Investigating with risk team.,first_party
Policyholder states they filed the claim but now disputes deductible responsibility.,first_party
Customer acknowledges they shared credentials with a friend who made purchases. Dispute form submitted.,first_party
Policyholder states they filed the claim but now disputes deductible responsibility. Dispute form submitted.,first_party
Customer claims identity theft; FTC affidavit filed; card reissued to verified address. Escalated for manual review.,third_party
Transactions from a device the client does not own; IP tied to another region.,third_party
Transactions from a device the customer does not own; IP tied to another region. Dispute form submitted.,third_party
Victim states an unknown account opened using their SSN and a different mailing mailing address. Case pending documents.,third_party
Cardholder confirms prior relationship with merchant and agreed to terms at checkout. Reported to authorities.,first_party
Account takeover alert: password reset via unrecognized device; contact info changed. Case pending documents.,third_party
Policyholder states they filed the claim but now disputes deductible responsibility. Case pending documents.,first_party
Customer claims identity theft; FTC affidavit filed; payment card reissued to verified mailing address. Reported to authorities.,third_party
Employer flagged payroll diversion to a new bank account not set up by employee. Escalated for manual review.,third_party
Policyholder states they filed the claim but now disputes deductible responsibility. Case pending documents.,first_party
Customer acknowledges they shared credentials with a friend who made purchases. Case pending documents.,first_party
Caller states phone number and email on file are unfamiliar; SIM swap suspected.,third_party
Employer flagged payroll diversion to a new bank account not set up by employee.,third_party
Employer flagged payroll diversion to a new bank account not set up by employee.,third_party
Caller states phone number and email on file are unfamiliar; SIM swap suspected. Dispute form submitted.,third_party
Card was shipped to an mailing address the customer does not recognize; transactions appear out of state. Case pending documents.,third_party
Policyholder states they filed the claim but now disputes deductible responsibility. Dispute form submitted.,first_party
Customer denies ever applying; credit pull occurred without consent; police report submitted.,third_party
Customer admits enrollment was theirs; now claims transactions were misunderstood. Escalated for manual review.,first_party
Account takeover alert: password reset via unknown device; contact info changed. Dispute form submitted.,third_party
Transactions from a device the client does not own; IP tied to another region. Investigating with risk team.,third_party
Victim states an unknown account opened using their SSN and a different mailing mailing address. Escalated for manual review.,third_party
Employer flagged payroll diversion to a new bank account not set up by employee. Investigating with risk team.,third_party
Member used their own card and now claims services not received after a billing dispute. Dispute form submitted.,first_party
Customer denies ever applying; credit pull occurred without consent; police report submitted. Escalated for manual review.,third_party
Victim states stolen wallet; merchant attempted delivery to alternate mailing address. Reported to authorities.,third_party
Customer claims identity theft; FTC affidavit filed; card reissued to verified address. Reported to authorities.,third_party
Transactions from a device the client does not own; IP tied to another region. Investigating with risk team.,third_party
Card was shipped to an address the client does not recognize; transactions appear out of state. Case pending documents.,third_party
Member used their own card and now claims services not received after a billing dispute. Reported to authorities.,first_party
Customer admits enrollment was theirs; now claims transactions were misunderstood. Investigating with risk team.,first_party
Member used their own card and now claims services not received after a billing dispute. Reported to authorities.,first_party
Customer acknowledges they shared credentials with a friend who made purchases. Case pending documents.,first_party
Customer admits enrollment was theirs; now claims transactions were misunderstood. Investigating with risk team.,first_party
Customer acknowledges they shared credentials with a friend who made purchases. Case pending documents.,first_party
Customer admits they opened the account and later disputed transactions after overspending.,first_party
Customer claims identity theft; FTC affidavit filed; payment card reissued to verified address. Dispute form submitted.,third_party
Customer acknowledges they shared credentials with a friend who made purchases. Escalated for manual review.,first_party
Victim states stolen wallet; merchant attempted delivery to alternate address. Investigating with risk team.,third_party
Client acknowledges mailing mailing address and email are correct; disputes being responsible for charges. Reported to authorities.,first_party
Caller states phone number and email on file are unfamiliar; SIM swap suspected.,third_party
Caller states phone number and email on file are unfamiliar; SIM swap suspected. Case pending documents.,third_party
Customer admits enrollment was theirs; now claims transactions were misunderstood. Escalated for manual review.,first_party
Policyholder states they filed the claim but now disputes deductible responsibility. Dispute form submitted.,first_party
Customer admits enrollment was theirs; now claims transactions were misunderstood.,first_party
Policyholder states they filed the claim but now disputes deductible responsibility. Investigating with risk team.,first_party
Account owner authorized recurring subscription then attempted chargebacks afterward. Case pending documents.,first_party
Customer acknowledges they shared credentials with a friend who made purchases.,first_party
Account takeover alert: password reset via unrecognized device; contact info changed. Case pending documents.,third_party
Policyholder states they filed the claim but now disputes deductible responsibility. Investigating with risk team.,first_party
Employer flagged payroll diversion to a new bank account not set up by employee. Case pending documents.,third_party
Transactions from a device the customer does not own; IP tied to another region. Dispute form submitted.,third_party
Victim states stolen wallet; merchant attempted delivery to alternate address. Reported to authorities.,third_party
Customer acknowledges they shared credentials with a friend who made purchases. Reported to authorities.,first_party
Multiple accounts opened the same day with mismatched KYC details; customer unaware. Investigating with risk team.,third_party
Multiple accounts opened the same day with mismatched KYC details; customer unaware. Case pending documents.,third_party
Transactions from a device the client does not own; IP tied to another region. Investigating with risk team.,third_party
Policyholder states they filed the claim but now disputes deductible responsibility. Reported to authorities.,first_party
Account takeover alert: password reset via unrecognized device; contact info changed. Case pending documents.,third_party
Cardholder confirms prior relationship with merchant and agreed to terms at checkout. Case pending documents.,first_party
Caller states phone number and email on file are unfamiliar; SIM swap suspected. Dispute form submitted.,third_party
Policyholder states they filed the claim but now disputes deductible responsibility. Dispute form submitted.,first_party
Borrower confirms they applied for the card but denies late fees and wants reversal.,first_party
Cardholder confirms prior relationship with merchant and agreed to terms at checkout. Investigating with risk team.,first_party
Member used their own payment card and now claims services not received after a billing dispute. Reported to authorities.,first_party
Customer denies ever applying; credit pull occurred without consent; police report submitted. Investigating with risk team.,third_party
Employer flagged payroll diversion to a new bank account not set up by employee. Reported to authorities.,third_party
Customer admits they opened the account and later disputed charges after overspending. Investigating with risk team.,first_party
Customer admits they opened the account and later disputed transactions after overspending. Investigating with risk team.,first_party
Member used their own card and now claims services not received after a billing dispute.,first_party
Caller reports they signed for the loan but says interest was too high and refuses payment.,first_party
Victim states stolen wallet; merchant attempted delivery to alternate address.,third_party
Cardholder confirms prior relationship with merchant and agreed to terms at checkout. Case pending documents.,first_party
Customer claims identity theft; FTC affidavit filed; card reissued to verified address. Case pending documents.,third_party
Client acknowledges mailing address and email are correct; disputes being responsible for charges. Reported to authorities.,first_party
Account owner authorized recurring subscription then attempted chargebacks afterward. Investigating with risk team.,first_party
Customer admits they opened the account and later disputed charges after overspending. Case pending documents.,first_party
Victim states stolen wallet; merchant attempted delivery to alternate address. Dispute form submitted.,third_party
Customer admits they opened the account and later disputed transactions after overspending. Case pending documents.,first_party
Client acknowledges mailing mailing address and email are correct; disputes being responsible for charges. Escalated for manual review.,first_party
Customer denies ever applying; credit pull occurred without consent; police report submitted. Dispute form submitted.,third_party
Customer denies ever applying; credit pull occurred without consent; police report submitted. Dispute form submitted.,third_party
Account takeover alert: password reset via unknown device; contact info changed. Escalated for manual review.,third_party
Transactions from a device the client does not own; IP tied to another region. Case pending documents.,third_party
Borrower confirms they applied for the payment card but denies late fees and wants reversal. Case pending documents.,first_party
Member used their own card and now claims services not received after a billing dispute. Investigating with risk team.,first_party
Card was shipped to an address the customer does not recognize; transactions appear out of state. Investigating with risk team.,third_party
Caller states they signed for the loan but says interest was too high and refuses payment. Dispute form submitted.,first_party
Client acknowledges mailing address and email are correct; disputes being responsible for charges. Escalated for manual review.,first_party
Caller states phone number and email on file are unfamiliar; SIM swap suspected. Case pending documents.,third_party
Caller states phone number and email on file are unfamiliar; SIM swap suspected. Escalated for manual review.,third_party
Multiple accounts opened the same day with mismatched KYC details; client unaware. Escalated for manual review.,third_party
Client acknowledges mailing mailing address and email are correct; disputes being responsible for transactions. Escalated for manual review.,first_party
Client acknowledges mailing address and email are correct; disputes being responsible for transactions. Reported to authorities.,first_party
Cardholder confirms prior relationship with merchant and agreed to terms at checkout. Reported to authorities.,first_party
